county,county_code,state,pop_total,pct_aian,pct_asian,pct_black,pct_nonwhite,pct_white,pm_24hr
Baldwin County,1003,Alabama,182265,0.00667160453186295,0.0073958247606507,0.0938468713137465,0.143263928894741,0.856736071105259,17
Clay County,1027,Alabama,13932,0.00394774619580821,0.00172265288544358,0.148291702555268,0.183175423485501,0.816824576514499,14
DeKalb County,1049,Alabama,71109,0.0136269670505843,0.0028547722510512,0.0151598250573064,0.155001476606337,0.844998523393663,17
Etowah County,1055,Alabama,104430,0.00428995499377573,0.0064349324906636,0.151259216700182,0.197328353921287,0.802671646078713,23
Jefferson County,1073,Alabama,658466,0.00264250545965927,0.0139080833330802,0.419953346110505,0.469728125673915,0.530271874326085,25
Madison County,1089,Alabama,334811,0.00761922398009623,0.0246855688731852,0.24006379718707,0.31818249699084,0.68181750300916,17
Mobile County,1097,Alabama,412992,0.00891300557880056,0.0183078606849527,0.346234309623431,0.397937490314582,0.602062509685418,16
Montgomery County,1101,Alabama,229363,0.00256798175817373,0.021019083287191,0.547067312513352,0.604748804297119,0.395251195702881,24
Morgan County,1103,Alabama,119490,0.00872039501213491,0.00578291070382459,0.118712863001088,0.201573353418696,0.798426646581304,16
Russell County,1113,Alabama,52947,0.0041362116833815,0.0044572874761554,0.418059569002965,0.462689104198538,0.537310895801462,19
Tuscaloosa County,1125,Alabama,194656,0.00270220286043071,0.011846539536413,0.2959631349663,0.33727190530988,0.66272809469012,17
Apache County,4001,Arizona,71518,0.7292429877793,0.00283844626527588,0.00244693643558265,0.76741519617439,0.23258480382561,13
La Paz County,4012,Arizona,20489,0.128263946507882,0.00522231441261165,0.006296061301186,0.301771682366148,0.698228317633852,11
Maricopa County,4013,Arizona,3817117,0.0205204608609063,0.0346400175839514,0.049911752770481,0.269925181753664,0.730074818246336,37
Pima County,4019,Arizona,980263,0.0332614818676212,0.0262490780535428,0.0353721399257138,0.256576041327685,0.743423958672316,14
Pinal County,4021,Arizona,375770,0.0557495276365862,0.0172765255342364,0.045812598131836,0.276118370279692,0.723881629720308,41
Santa Cruz County,4023,Arizona,47420,0.00691691269506537,0.00537747785744412,0.00377477857444116,0.265394348376213,0.734605651623788,32
Yuma County,4027,Arizona,195751,0.0156116699276121,0.0118722254292443,0.0200816343211529,0.295630673661948,0.704369326338052,23
Arkansas County,5001,Arkansas,19019,0.00189284399810716,0.00483726799516273,0.245070718754929,0.281823439718177,0.718176560281823,17
Ashley County,5003,Arkansas,21853,0.00320322152564865,0.00183041230037066,0.258088134352263,0.307051663387178,0.692948336612822,18
Crittenden County,5035,Arkansas,50902,0.00265215512160622,0.00591332364150721,0.511787356096028,0.539389414954226,0.460610585045774,17
Garland County,5051,Arkansas,96024,0.00611305506956594,0.00723777388986087,0.0793030908939432,0.136007664750479,0.863992335249521,19
Jackson County,5067,Arkansas,17997,0.00505639828860366,0.00294493526698894,0.166694449074846,0.201922542645997,0.798077457354004,22
Polk County,5113,Arkansas,20662,0.0176168812312458,0.00454941438389314,0.00314587164843674,0.0734682024973381,0.926531797502662,21
Pulaski County,5119,Arkansas,382748,0.00406272534409063,0.0196082017410934,0.349728803285713,0.425076029136664,0.574923970863336,24
Union County,5139,Arkansas,41639,0.00343428036216047,0.0049713009438267,0.329522803141286,0.36895698743966,0.63104301256034,22
Washington County,5143,Arkansas,203065,0.0117844040085687,0.0217467313421811,0.0295767365129392,0.200979981779233,0.799020018220767,16
Alameda County,6001,California,1510271,0.00648823952787281,0.261251126453464,0.126103858181744,0.570195017980217,0.429804982019783,65
Butte County,6007,California,220000,0.0199772727272727,0.0411681818181818,0.0155227272727273,0.181381818181818,0.818618181818182,92
Calaveras County,6009,California,45578,0.0151169423844837,0.0125279740225547,0.00840317697134583,0.110930712185704,0.889069287814296,97
Colusa County,6011,California,21419,0.0195620710584061,0.013119193239647,0.00910406648302909,0.353191092021103,0.646808907978897,104
Contra Costa County,6013,California,1049025,0.00583589523605253,0.144390267152832,0.092620290269536,0.414206525106647,0.585793474893353,66
Fresno County,6019,California,930450,0.0168187436186791,0.0960363265086786,0.0532247837068085,0.446348541028535,0.553651458971465,124
Imperial County,6025,California,174528,0.0175272735606894,0.0162896497983132,0.0330777869453612,0.412398010634397,0.587601989365603,34
Inyo County,6027,California,18546,0.114364283403429,0.0131025558071821,0.005877278119271,0.259085517092635,0.740914482907366,308
Kern County,6029,California,839631,0.0150971081344067,0.041501564377685,0.0582648806439972,0.404779004110139,0.595220995889861,81
Kings County,6031,California,152982,0.016747068282543,0.0367363480670929,0.0719953981514165,0.457276019400975,0.542723980599025,87
Lake County,6033,California,64665,0.0316863836696822,0.0111961648496095,0.0190520374236449,0.195345240856723,0.804654759143277,85
Los Angeles County,6037,California,9818605,0.00741734696527664,0.137174781957315,0.0872704421860336,0.49721992075249,0.50278007924751,53
Madera County,6039,California,150865,0.0274152387896464,0.0185728962980148,0.0373115036622146,0.373903821297186,0.626096178702814,88
Marin County,6041,California,252409,0.0060338577467523,0.0545186582094933,0.0276812633463941,0.199858166705625,0.800141833294375,41
Mendocino County,6045,California,87841,0.0486902471511026,0.0165070980521624,0.00708097585410002,0.234776471123963,0.765223528876037,62
Merced County,6047,California,255793,0.0135773848385218,0.0736376679580755,0.038804814830742,0.419917667801699,0.580082332198301,78
Mono County,6051,California,14202,0.0212646106182228,0.0135192226446979,0.00330939304323335,0.176383607942543,0.823616392057457,453
Monterey County,6053,California,415057,0.013164456930012,0.0608542923020212,0.0308029981424238,0.444131769853297,0.555868230146703,64
Napa County,6055,California,136484,0.00775182438967205,0.0675756865273585,0.0195480788956947,0.285447378447291,0.71455262155271,57
Nevada County,6057,California,98764,0.0105706532744725,0.0120185492689644,0.00393868211089061,0.0863776274755984,0.913622372524402,90
Orange County,6059,California,3010232,0.0060234559994047,0.178658654881086,0.0168571724704275,0.391821627037385,0.608178372962616,42
Placer County,6061,California,348432,0.00864157138265142,0.0586484593837535,0.0136353721816595,0.16489587638334,0.83510412361666,93
Plumas County,6063,California,20007,0.0269405708002199,0.00669765582046284,0.00959664117558854,0.110461338531514,0.889538661468486,109
Riverside County,6065,California,2189641,0.0108282590616453,0.0595841966788163,0.0641854075622442,0.390243880161177,0.609756119838823,40
Sacramento County,6067,California,1418788,0.0100846638116477,0.143228586652833,0.103650439671043,0.425459617645483,0.574540382354517,85
San Benito County,6069,California,55269,0.0161935262081818,0.0261086685121859,0.00873907615480649,0.363458720078163,0.636541279921837,59
San Bernardino County,6071,California,2035210,0.01114823531724,0.063189056657544,0.0893578549633699,0.433394588273446,0.566605411726554,43
San Diego County,6073,California,3095313,0.00850964022055282,0.108580618502878,0.0511137322784481,0.35985730683779,0.64014269316221,75
San Francisco County,6075,California,805235,0.00499729892515849,0.332716536166461,0.0606903574732842,0.515188733723696,0.484811266276305,40
San Joaquin County,6077,California,685306,0.0105004187910218,0.143690555751737,0.07550495690976,0.490319652826621,0.50968034717338,92
San Luis Obispo County,6079,California,269637,0.00940523741177954,0.0315498243935365,0.0205832285628456,0.173867087973832,0.826132912026169,63
San Mateo County,6081,California,718451,0.00460156642554607,0.247919482330737,0.0284445285760616,0.466164011185175,0.533835988814825,46
Santa Barbara County,6083,California,423895,0.0129395251182486,0.048750280140129,0.0200828035244577,0.303780417320327,0.696219582679673,37
Santa Clara County,6085,California,1781642,0.00727418864171366,0.320223703751932,0.0260591072729538,0.53042418173797,0.46957581826203,56
Santa Cruz County,6087,California,262382,0.00858671707662873,0.0423504661142914,0.010541881683957,0.275072222942123,0.724927777057878,88
Shasta County,6089,California,177223,0.027930911901954,0.024776693769996,0.00873475790388381,0.132584371103074,0.867415628896926,66
Siskiyou County,6093,California,44900,0.0404008908685969,0.0120267260579065,0.01271714922049,0.153006681514477,0.846993318485523,85
Solano County,6095,California,413344,0.00777076720600759,0.146301869629171,0.146972013625455,0.490131706278548,0.509868293721452,52
Sonoma County,6097,California,483878,0.0134104051021125,0.0379041824592149,0.0157271047660774,0.232426355403635,0.767573644596365,34
Stanislaus County,6099,California,514453,0.0114723794010337,0.0507140593990122,0.0286148588889558,0.344270516451454,0.655729483548546,87
Sutter County,6101,California,94737,0.0144083093194845,0.144220315188364,0.0202560773509822,0.390428238175159,0.609571761824841,91
Tehama County,6103,California,63463,0.025904857948726,0.0103367316389077,0.00639742842286056,0.185021193451302,0.814978806548698,87
Tulare County,6107,California,442179,0.0158148623068938,0.0343209424237696,0.0162739524038907,0.399297569536319,0.600702430463681,83
Ventura County,6111,California,823318,0.00979937278184128,0.0673445740285042,0.0184169421778705,0.312775865461462,0.687224134538538,32
Yolo County,6113,California,200849,0.0110232064884565,0.129709383666336,0.025929927457941,0.368266707825282,0.631733292174718,134
Adams County,8001,Colorado,441603,0.013396648120597,0.0360753889806002,0.0306587591116908,0.266773549998528,0.733226450001472,28
Arapahoe County,8005,Colorado,572003,0.00762758237281972,0.0508336494738664,0.101585131546513,0.272888428906841,0.727111571093159,24
Boulder County,8013,Colorado,294567,0.00621929815627684,0.0411892710317177,0.00859566753913371,0.127909779438973,0.872090220561027,52
Denver County,8031,Colorado,600158,0.0137247191572886,0.0340460345442367,0.102364710626202,0.3106881854445,0.6893118145555,39
Douglas County,8035,Colorado,285465,0.00414411574098401,0.03753875256161,0.0121766241045312,0.0976196731648363,0.902380326835164,42
El Paso County,8041,Colorado,622263,0.00955705224318335,0.0274080252240612,0.0618580889430996,0.202494765075217,0.797505234924783,21
Larimer County,8069,Colorado,299630,0.00736241364349364,0.0193572072222408,0.00834362380268998,0.0946600807662784,0.905339919233722,47
Mesa County,8077,Colorado,146723,0.010591386490189,0.00764024726866272,0.0063725523605706,0.105927496029934,0.894072503970066,20
Rio Blanco County,8103,Colorado,6666,0.00885088508850885,0.0033003300330033,0.0075007500750075,0.0814581458145815,0.918541854185418,23
Weld County,8123,Colorado,252825,0.0111420943340255,0.0119529318698705,0.00978146939582715,0.170991792742015,0.829008207257985,37
Fairfield County,9001,Connecticut,916829,0.00260026678911771,0.0461198325969183,0.108326634519632,0.251877940161142,0.748122059838858,25
Hartford County,9003,Connecticut,894014,0.00266998055958855,0.0424579480858242,0.133321178415551,0.276032590093667,0.723967409906333,20
Litchfield County,9005,Connecticut,189927,0.00212713305638482,0.0153111458613046,0.0134683325698821,0.0613867433276996,0.9386132566723,13
New Haven County,9009,Connecticut,862477,0.00289514966775926,0.0350884719244687,0.127365715259653,0.252450789992081,0.747549210007919,23
New London County,9011,Connecticut,274055,0.00914050099432596,0.0415354582109431,0.0584736640455383,0.178219700425097,0.821780299574903,17
New Castle County,10003,Delaware,538479,0.00292304806686983,0.0432700253863196,0.237309161545761,0.344533398702642,0.655466601297358,17
District Of Columbia,11001,District Of Columbia,601723,0.00345507816719653,0.0349928455452093,0.507085486178856,0.615319673670443,0.384680326329557,21
Alachua County,12001,Florida,247336,0.00312126014813856,0.0535102047417279,0.203294304104538,0.3039589869651,0.6960410130349,16
Brevard County,12009,Florida,543376,0.00389785342009953,0.0208860899266806,0.100849135773387,0.170138173198669,0.829861826801331,17
Broward County,12011,Florida,1748066,0.00289748785228933,0.0324901920179215,0.267449283951521,0.369456874053955,0.630543125946046,18
Duval County,12031,Florida,864263,0.00394902940424385,0.041539438805086,0.295069903490026,0.391338053347187,0.608661946652813,18
Escambia County,12033,Florida,297619,0.00881328141012503,0.0274646443943431,0.229427556708409,0.311223409795746,0.688776590204254,20
Hillsborough County,12057,Florida,1229226,0.00388781233068614,0.0342296697271291,0.166830997717263,0.287244981801556,0.712755018198444,18
Leon County,12073,Florida,275487,0.00281319989690984,0.0292318693804063,0.303172200503109,0.370278815334299,0.629721184665701,18
Miami-Dade County,12086,Florida,2496435,0.00200285607275976,0.0150891170809574,0.189460570773924,0.26219308734255,0.73780691265745,16
Orange County,12095,Florida,1145956,0.00395477662318623,0.0493744960539497,0.207897161845656,0.364028810879301,0.635971189120699,17
Palm Beach County,12099,Florida,1320134,0.00457756561076376,0.0235582145448871,0.173232414285217,0.265134448472655,0.734865551527345,21
Pinellas County,12103,Florida,916542,0.00315533821690659,0.029620028323852,0.103372240442882,0.178551555738853,0.821448444261147,18
Polk County,12105,Florida,602095,0.00449430737674287,0.0162100665177422,0.147539840058463,0.247869522251472,0.752130477748528,19
Sarasota County,12115,Florida,379448,0.00249045982585229,0.0129214016149775,0.0469497796799561,0.0984535430414708,0.901546456958529,18
Seminole County,12117,Florida,422718,0.00327878159908024,0.037121674496946,0.111438358432809,0.217766927360557,0.782233072639443,16
Volusia County,12127,Florida,494593,0.00359487497801222,0.0152994482331938,0.10471438131959,0.174561710335569,0.825438289664431,17
Bibb County,13021,Georgia,155547,0.00213440310645657,0.0162716092242216,0.521488681877503,0.567982667618148,0.432017332381852,18
Chatham County,13051,Georgia,265128,0.00260628828339519,0.0238035967532664,0.401285416855255,0.471915452158957,0.528084547841043,18
Clarke County,13059,Georgia,116714,0.00211628425038984,0.0417173603852151,0.265503709923403,0.381068252309063,0.618931747690937,20
Clayton County,13063,Georgia,259424,0.00371977920315777,0.0498681694831627,0.661002837054397,0.811274207475022,0.188725792524978,24
Cobb County,13067,Georgia,688078,0.00336299082371475,0.0445545417816003,0.249643209054787,0.377944070294356,0.622055929705644,24
Coffee County,13069,Georgia,42356,0.00276230050051941,0.00715365001416564,0.266384927755218,0.35343280763056,0.64656719236944,16
DeKalb County,13089,Georgia,691893,0.00358292394922336,0.0512015586225038,0.54303916935133,0.667353189004658,0.332646810995342,22
Dougherty County,13095,Georgia,94565,0.00221012002326442,0.00778300639771586,0.671178554433458,0.704055411621636,0.295944588378364,24
Fulton County,13121,Georgia,920581,0.0024538851008222,0.0560178843578132,0.44056416545638,0.554958227467219,0.445041772532781,25
Gwinnett County,13135,Georgia,805321,0.00501414963722541,0.105910562372023,0.236138136221457,0.466594066217074,0.533405933782926,21
Hall County,13139,Georgia,179684,0.00451347921907349,0.0179537410119988,0.0739019612208099,0.258715300193673,0.741284699806327,19
Houston County,13153,Georgia,139900,0.00339528234453181,0.0243245175125089,0.28590421729807,0.36650464617584,0.63349535382416,21
Lowndes County,13185,Georgia,109233,0.00380837292759514,0.0145651954995285,0.358334935413291,0.418811165124093,0.581188834875908,19
Muscogee County,13215,Georgia,189885,0.00384969850172473,0.0217394738920926,0.455028043289359,0.537246227980093,0.462753772019907,23
Richmond County,13245,Georgia,200549,0.00341562411181307,0.0166094071772983,0.541678093632978,0.602969847767877,0.397030152232123,23
Washington County,13303,Georgia,21187,0.00117996884882239,0.00490867041110115,0.527351677915703,0.550148676074952,0.449851323925048,21
Ada County,16001,Idaho,392365,0.00665196946720528,0.0239751252022989,0.0113185426834707,0.0968944732583182,0.903105526741682,37
Benewah County,16009,Idaho,9285,0.0871297792137857,0.00290791599353797,0.00301561658589122,0.134194938072159,0.865805061927841,73
Canyon County,16027,Idaho,188923,0.0107345320580342,0.00804031271999704,0.00570073522016906,0.170296893443361,0.82970310655664,49
Franklin County,16041,Idaho,12786,0.00414515876740185,0.0011731581417175,0.00218989519787267,0.0564680118880025,0.943531988111997,26
Lemhi County,16059,Idaho,7936,0.00718245967741935,0.00378024193548387,0.00226814516129032,0.0355342741935484,0.964465725806452,38
Shoshone County,16079,Idaho,12765,0.0143360752056404,0.0036819428123776,0.00203681942812378,0.0462984723854289,0.953701527614571,34
Champaign County,17019,Illinois,201081,0.00273024303638832,0.0893619983986553,0.124059458626126,0.265967445954615,0.734032554045385,17
Cook County,17031,Illinois,5194675,0.00415021151467609,0.0621159167801643,0.247901360527848,0.446122808452887,0.553877191547113,23
DuPage County,17043,Illinois,916924,0.00263380607334959,0.100667012751329,0.0461826716281829,0.221156824338767,0.778843175661233,21
Hamilton County,17065,Illinois,8457,0.00236490481258129,0.00224665957195223,0.00366560245950101,0.0179732765756178,0.982026723424382,17
Jersey County,17083,Illinois,22985,0.00261039808570807,0.00335001087665869,0.00404611703284751,0.0241026756580379,0.975897324341962,17
Kane County,17089,Illinois,515269,0.0056028986801069,0.0347294325876387,0.0571002718968151,0.253694672103309,0.746305327896691,21
McHenry County,17111,Illinois,308760,0.00304119704624951,0.0252850110117891,0.0106328539966317,0.098791941961394,0.901208058038606,17
McLean County,17113,Illinois,169572,0.0022586276036138,0.0426190644681905,0.0732786073172458,0.157054230651287,0.842945769348713,19
Macon County,17115,Illinois,110768,0.00204030044778275,0.0100931677018634,0.162745558283981,0.206855770619674,0.793144229380327,18
Madison County,17119,Illinois,269282,0.00244724860926464,0.00837040723108117,0.0788578516202346,0.117501355456362,0.882498644543638,26
Randolph County,17157,Illinois,33476,0.00185207312701637,0.00310670330983391,0.097472816346039,0.124208388098937,0.875791611901063,19
Rock Island County,17161,Illinois,147546,0.00267713119976143,0.0163948870182858,0.0900668266167839,0.184105295975492,0.815894704024508,18
St. Clair County,17163,Illinois,270056,0.00241431406819326,0.0121308173119649,0.304759012945463,0.353993245845306,0.646006754154694,22
Sangamon County,17167,Illinois,197465,0.00199529030461094,0.0163066872610336,0.11817284075659,0.163887271161978,0.836112728838022,18
Will County,17197,Illinois,677560,0.00251343054489639,0.0455059330538993,0.11178788594368,0.240415608949761,0.759584391050239,21
Winnebago County,17201,Illinois,295266,0.00326146593241349,0.0230639491170673,0.122289731970494,0.225606741040282,0.774393258959718,21
Allen County,18003,Indiana,355329,0.00350660936765645,0.0273577445128318,0.117125255748898,0.207345868195391,0.792654131804609,18
Bartholomew County,18005,Indiana,76794,0.00272156678907206,0.0342735109513764,0.0184910279448915,0.10378414980337,0.89621585019663,16
Clark County,18019,Indiana,110232,0.00274874809492706,0.00793780390449234,0.0694988750997895,0.129463313738297,0.870536686261703,22
Delaware County,18035,Indiana,117671,0.00256647772178362,0.00972202156861079,0.0692269123233422,0.108769365434134,0.891230634565866,17
Dubois County,18037,Indiana,41889,0.00157559263768531,0.00451192437155339,0.00291245911814558,0.0489388622311347,0.951061137768865,16
Elkhart County,18039,Indiana,197559,0.00378114892260034,0.00969330680961131,0.0572335352983159,0.170921091926969,0.829078908073031,20
Greene County,18055,Indiana,33165,0.00280416101311624,0.00289461781999095,0.00147746117895372,0.0186039499472335,0.981396050052766,17
Hamilton County,18057,Indiana,274569,0.0019266559589757,0.0479842953865877,0.0349748150738066,0.115031194344591,0.884968805655409,20
Henry County,18065,Indiana,49462,0.00145566293316081,0.00315393635518176,0.0216327685900287,0.0426792284986454,0.957320771501355,16
Howard County,18067,Indiana,82752,0.0034561098221191,0.00894238205723124,0.0686388244392885,0.114414153132251,0.88558584686775,15
Lake County,18089,Indiana,496005,0.00328222497757079,0.012382939688108,0.258592151288797,0.356030685174545,0.643969314825455,20
Madison County,18095,Indiana,131636,0.00243094594183962,0.00420097845574159,0.0832826886262117,0.122945091008539,0.877054908991461,19
Marion County,18097,Indiana,903393,0.003211227007515,0.0202724617082488,0.266744373711109,0.372528899382661,0.627471100617339,24
Monroe County,18105,Indiana,137974,0.00255845304187746,0.0522852131561019,0.032549610796237,0.122233174366185,0.877766825633815,18
St. Joseph County,18141,Indiana,266931,0.0038586750883187,0.018866298781333,0.127216396746725,0.213384732384024,0.786615267615976,22
Spencer County,18147,Indiana,20952,0.00195685376097747,0.00343642611683849,0.00458190148911799,0.0313573883161512,0.968642611683849,17
Tippecanoe County,18157,Indiana,172780,0.00262183123046649,0.0621020951499016,0.0400104178724389,0.159682833661303,0.840317166338697,18
Vanderburgh County,18163,Indiana,179703,0.00222033021151567,0.0111461689565561,0.0909667618236757,0.138122346315866,0.861877653684134,19
Vigo County,18167,Indiana,107848,0.00337512054001929,0.0165139826422372,0.0689581633409984,0.117211260292263,0.882788739707737,22
Whitley County,18183,Indiana,33292,0.00276342664904482,0.00315391084945332,0.0029736873723417,0.0244202811486243,0.975579718851376,20
Black Hawk County,19013,Iowa,131090,0.00226561904035396,0.0130215882218323,0.0887939583492257,0.143985048440003,0.856014951559997,22
Clinton County,19045,Iowa,49116,0.00246355566414203,0.00570078996660966,0.0262847137389038,0.0603469337893965,0.939653066210603,22
Johnson County,19103,Iowa,130882,0.00219281490197277,0.052100365214468,0.0481731636130255,0.143633196314237,0.856366803685763,19
Lee County,19111,Iowa,35862,0.00189615749261056,0.00510289442864313,0.0311750599520384,0.0648318554458759,0.935168144554124,17
Linn County,19113,Iowa,211226,0.00267486010244951,0.0180186151326068,0.0395121812655639,0.0915701665514662,0.908429833448534,21
Montgomery County,19137,Iowa,10740,0.00353817504655494,0.0021415270018622,0.00232774674115456,0.0260707635009311,0.973929236499069,15
Muscatine County,19139,Iowa,42745,0.00311147502631887,0.00818809217452334,0.0141770967364604,0.109580067844192,0.890419932155808,22
Palo Alto County,19147,Iowa,9421,0.00222906273219403,0.00329052117609596,0.00467041715316845,0.0222906273219403,0.97770937267806,19
Polk County,19153,Iowa,430640,0.00321382128924392,0.0353427456808471,0.0600339030280513,0.152668121865131,0.847331878134869,17
Pottawattamie County,19155,Iowa,93158,0.00473389295605316,0.00611863715408231,0.0136005496038988,0.0708473775735847,0.929152622426415,22
Scott County,19163,Iowa,165224,0.00300198518375055,0.0201665617585823,0.0709824238609403,0.13894470536968,0.86105529463032,20
Van Buren County,19177,Iowa,7570,0.00132100396301189,0.00528401585204756,0.00198150594451783,0.0173051519154557,0.982694848084544,17
Woodbury County,19193,Iowa,102172,0.022060838585914,0.0237149121089927,0.0240378968797714,0.164281799318796,0.835718200681204,21
Johnson County,20091,Kansas,544179,0.00370098809399113,0.0417932334764848,0.0434342376313676,0.139893307165473,0.860106692834527,19
Neosho County,20133,Kansas,16512,0.0108406007751938,0.00502664728682171,0.0119307170542636,0.0587451550387597,0.94125484496124,21
Sumner County,20191,Kansas,24132,0.0116857284932869,0.00232057019724847,0.00953091331012763,0.0591331012763136,0.940866898723686,24
Wyandotte County,20209,Kansas,157505,0.00823465921716771,0.0251293609726675,0.252322148503222,0.453630043490683,0.546369956509317,27
Bell County,21013,Kentucky,28691,0.00170785263671535,0.00271862256456729,0.0224460632254017,0.0444738768254853,0.955526123174515,14
Boyd County,21019,Kentucky,49542,0.00222033829881717,0.00454160106576238,0.0282790359694804,0.0533083040652376,0.946691695934762,16
Campbell County,21037,Kentucky,90336,0.00139479277364506,0.0083355472901169,0.0253498051718031,0.0566883634431456,0.943311636556854,16
Carter County,21043,Kentucky,27720,0.00241702741702742,0.00183982683982684,0.0053030303030303,0.0223304473304473,0.977669552669553,11
Christian County,21047,Kentucky,73955,0.00580082482590765,0.0101953890879589,0.212385910350889,0.28475424244473,0.71524575755527,21
Daviess County,21059,Kentucky,96656,0.00134497599735143,0.00708698890912101,0.0478604535672902,0.0881683496109916,0.911831650389009,19
Fayette County,21067,Kentucky,295803,0.00255237438430307,0.0322951423751618,0.145272360320889,0.242742636146354,0.757257363853646,17
Hardin County,21093,Kentucky,105543,0.00512587286698313,0.0199350027950693,0.116303307656595,0.19491581630236,0.80508418369764,15
Jefferson County,21111,Kentucky,741096,0.00241264289646685,0.0220457268693934,0.208132279758628,0.273084728564181,0.726915271435819,22
McCracken County,21145,Kentucky,65565,0.0022878059940517,0.00803782505910166,0.11018073667353,0.149515747731259,0.850484252268741,23
Perry County,21193,Kentucky,28712,0.00128865979381443,0.00515463917525773,0.0151504597380886,0.0350376149345222,0.964962385065478,14
Pike County,21195,Kentucky,65024,0.000984251968503937,0.00455216535433071,0.00536724901574803,0.0200848917322835,0.979915108267716,14
Pulaski County,21199,Kentucky,63063,0.00226757369614512,0.00459857602714746,0.0115281543852972,0.0386597529454672,0.961340247054533,14
Warren County,21227,Kentucky,113792,0.00276820866141732,0.0279808773903262,0.0906126968503937,0.163675829583802,0.836324170416198,16
Caddo Parish,22017,Louisiana,254969,0.00428287360424208,0.0105228478756241,0.471680871007848,0.509971800493393,0.490028199506607,23
Calcasieu Parish,22019,Louisiana,192768,0.00465844953519256,0.010753859561753,0.247873090969456,0.291822294156707,0.708177705843294,22
East Baton Rouge Parish,22033,Louisiana,440171,0.00249221325348558,0.0280958990937613,0.453244307326017,0.511719309086696,0.488280690913304,20
Iberville Parish,22047,Louisiana,33387,0.00185701021355617,0.00311498487435229,0.492826549255698,0.512385060053314,0.487614939946686,17
Jefferson Parish,22051,Louisiana,432552,0.0047115722502728,0.0385687732342007,0.263290887569587,0.37090800643622,0.62909199356378,18
Lafayette Parish,22055,Louisiana,221578,0.00336676023792976,0.0150330809015335,0.257575210535342,0.306311998483604,0.693688001516396,27
Orleans Parish,22071,Louisiana,343829,0.00304511835825367,0.0289969723321768,0.601668271146413,0.670103452588351,0.329896547411649,20
Ouachita Parish,22073,Louisiana,153720,0.00247853239656518,0.00946526151444184,0.365703877179287,0.39575852198803,0.60424147801197,18
Rapides Parish,22079,Louisiana,131613,0.00786396480590823,0.0118453344274502,0.319975990213733,0.366529142257984,0.633470857742016,18
St. Bernard Parish,22087,Louisiana,35897,0.0072429450929047,0.019221661977324,0.176895005153634,0.259576009137254,0.740423990862746,21
Tangipahoa Parish,22105,Louisiana,121097,0.00316275382544572,0.0061190615787344,0.302682973153753,0.337671453462926,0.662328546537074,18
Terrebonne Parish,22109,Louisiana,111860,0.0567405685678527,0.0101913105667799,0.188977293044878,0.29741641337386,0.70258358662614,20
West Baton Rouge Parish,22121,Louisiana,23788,0.00126114007062384,0.00332100218597612,0.377164957121238,0.400075668404237,0.599924331595763,21
Androscoggin County,23001,Maine,107702,0.00379751536647416,0.00722363558708288,0.0364988579599265,0.072078512933836,0.927921487066164,15
Aroostook County,23003,Maine,71870,0.0170446639766245,0.00434117155976068,0.00633087519131766,0.0432864894949214,0.956713510505079,15
Cumberland County,23005,Maine,281674,0.00319873328741737,0.0204811235683805,0.0240739294361567,0.0719910250857374,0.928008974914263,17
Hancock County,23009,Maine,54418,0.0040427799625124,0.00819581756036606,0.00406115623506928,0.0308170090778786,0.969182990922121,9
Kennebec County,23011,Maine,122151,0.00479734099598039,0.00730243714746502,0.00562418645774492,0.0380676375960901,0.96193236240391,14
Oxford County,23017,Maine,57833,0.00364843601404043,0.00620752857365172,0.00366572717998375,0.0318676188335379,0.968132381166462,13
Baltimore County,24005,Maryland,805029,0.00326075209712942,0.0497832997320593,0.260534713656278,0.353830731563708,0.646169268436292,21
Cecil County,24015,Maryland,101108,0.00290778177790086,0.0108497843889702,0.0621513628990782,0.107993432764964,0.892006567235036,14
Dorchester County,24019,Maryland,32618,0.00343368692133178,0.00922803360107916,0.27720890305966,0.323533018578699,0.676466981421301,10
Garrett County,24023,Maryland,30097,0.0014287138252982,0.00252516862145729,0.0100009967770874,0.02182941821444,0.97817058178556,10
Harford County,24025,Maryland,244826,0.002507903572333,0.0237964922026255,0.126857441611594,0.188145866860546,0.811854133139454,15
Howard County,24027,Maryland,287085,0.00301652820593204,0.143584652629012,0.174819304387202,0.378152811884982,0.621847188115018,14
Kent County,24029,Maryland,20197,0.00207951675991484,0.00816953012823687,0.151309600435708,0.199435559736595,0.800564440263405,10
Montgomery County,24031,Maryland,971777,0.00374468628090601,0.139384858871943,0.172174274550643,0.425425792131322,0.574574207868678,16
Prince George's County,24033,Maryland,863420,0.0049315512728452,0.0407356790438026,0.644668874939195,0.807672974913715,0.192327025086285,13
Washington County,24043,Maryland,147430,0.00212982432340772,0.013945601302313,0.0958624431933799,0.149108051278573,0.850891948721427,18
Baltimore City,24510,Maryland,620961,0.00365562410521756,0.0234282024152886,0.637368530390797,0.70395886376117,0.29604113623883,18
Berkshire County,25003,Massachusetts,131219,0.00191283274525793,0.0122771854685678,0.0272216675938698,0.07495103605423,0.92504896394577,17
Bristol County,25005,Massachusetts,548285,0.00386660222329628,0.0186800660240568,0.0325232315310468,0.115799264980804,0.884200735019196,17
Essex County,25009,Massachusetts,743159,0.00365735999967705,0.0312449960237311,0.0376568136832091,0.181374376142925,0.818625623857075,14
Franklin County,25011,Massachusetts,71372,0.00299837471277252,0.0125399316258477,0.0111528330437707,0.0579078630275178,0.942092136972482,20
Hampden County,25013,Massachusetts,463490,0.00403676454723942,0.0196724848432544,0.0898487561759693,0.234978100929901,0.765021899070099,22
Middlesex County,25017,Massachusetts,1503085,0.00171048210846359,0.0931038497490162,0.0465848571438076,0.200037922007072,0.799962077992928,14
Norfolk County,25021,Massachusetts,670850,0.00162629499888202,0.0861638220168443,0.0568651710516509,0.17739136915853,0.82260863084147,16
Plymouth County,25023,Massachusetts,494919,0.00245090610786816,0.0120706620679343,0.0719471267015411,0.145045957015188,0.854954042984812,16
Suffolk County,25025,Massachusetts,722023,0.00413283233359602,0.0823090123167822,0.216464018459246,0.440088473635881,0.559911526364119,16
Worcester County,25027,Massachusetts,798552,0.00247447880664002,0.0398408619601479,0.0417180095973712,0.144249842214408,0.855750157785592,16
Allegan County,26005,Michigan,111408,0.00570874623007324,0.00581645842309349,0.0121894298434583,0.0708656469912394,0.929134353008761,13
Bay County,26017,Michigan,107771,0.00523331879633668,0.00536322387284149,0.0157927457293706,0.0586428631078862,0.941357136892114,14
Genesee County,26049,Michigan,425790,0.0052889922262148,0.00911012470936377,0.20697292092346,0.254578548110571,0.745421451889429,15
Ingham County,26065,Michigan,280895,0.00550383595293615,0.0519731572295698,0.117648943555421,0.238459210737108,0.761540789262892,22
Kalamazoo County,26077,Michigan,250331,0.00423039895178783,0.0208204337457207,0.108919790197778,0.182506361577272,0.817493638422728,18
Kent County,26081,Michigan,602622,0.00507117231033716,0.0233197593184451,0.0973213722698474,0.200835681405591,0.799164318594409,18
Lenawee County,26091,Michigan,99892,0.0047551355463901,0.00519561126016097,0.0254174508469147,0.0772634445200817,0.922736555479918,19
Macomb County,26099,Michigan,840978,0.00314633676505212,0.0298022064786475,0.0864743191855197,0.146264230455493,0.853735769544507,16
Oakland County,26125,Michigan,1202362,0.00280780663394219,0.0564122951324144,0.136463061873213,0.227427347171651,0.77257265282835,23
Ottawa County,26139,Michigan,263801,0.00432523000291887,0.0255419805080345,0.0146853120344502,0.0991770311712238,0.900822968828776,18
St. Clair County,26147,Michigan,163040,0.00447129538763494,0.00476570166830226,0.0243866535819431,0.061261040235525,0.938738959764475,17
Washtenaw County,26161,Michigan,344791,0.00340496126639036,0.0786244420533019,0.126937768097195,0.254968952205829,0.745031047794171,20
Wayne County,26163,Michigan,1820584,0.00383997662288584,0.0252199294292381,0.405333123876734,0.477126021100921,0.522873978899079,27
Anoka County,27003,Minnesota,330844,0.00682194629493054,0.0388944638560772,0.043836370011244,0.130097568642623,0.869902431357377,16
Becker County,27005,Minnesota,32504,0.0755291656411519,0.00384568053162688,0.00424563130691607,0.116416441053409,0.883583558946591,14
Beltrami County,27007,Minnesota,44442,0.202601143062868,0.00695288240853247,0.00589532424283336,0.249381215966878,0.750618784033122,13
Carlton County,27017,Minnesota,35386,0.0589498671791104,0.00452156219974001,0.0140733623466908,0.103402475555304,0.896597524444696,8
Cass County,27021,Minnesota,28567,0.111877340987853,0.00308047747400847,0.00213533097630133,0.141176882416775,0.858823117583225,13
Cook County,27031,Minnesota,5176,0.0861669242658424,0.00521638330757342,0.00328438948995363,0.119204018547141,0.880795981452859,9
Crow Wing County,27035,Minnesota,62500,0.008416,0.003712,0.005008,0.034112,0.965888,12
Dakota County,27037,Minnesota,398552,0.00413245950340232,0.0437860053393284,0.0469424316024007,0.148168871314157,0.851831128685843,17
Hennepin County,27053,Minnesota,1152425,0.00919018591231533,0.0623945159120984,0.118239364817667,0.256494782740742,0.743505217259258,20
Lake County,27075,Minnesota,10866,0.00469353948094975,0.00285293576293024,0.00147248297441561,0.0230075464752439,0.976992453524756,10
Lyon County,27083,Minnesota,25857,0.00440886413737093,0.0262598135901303,0.0227017828827784,0.0965695943071509,0.903430405692849,17
Olmsted County,27109,Minnesota,144248,0.00244717431090899,0.0541151350451999,0.0476263102434696,0.143107703399701,0.8568922966003,17
Ramsey County,27123,Minnesota,508640,0.00794864737338786,0.116587370242215,0.110431739540736,0.299018952500786,0.700981047499214,17
St. Louis County,27137,Minnesota,200226,0.0223597335011437,0.00885998821331895,0.0136795421174073,0.0699909102713933,0.930009089728607,15
Scott County,27139,Minnesota,129928,0.00825072347761837,0.0565467027892371,0.0259836216981713,0.136352441352134,0.863647558647866,15
Stearns County,27145,Minnesota,150642,0.00313989458451162,0.0197952762177879,0.0309209914897572,0.0821815961020167,0.917818403897983,15
Wright County,27171,Minnesota,124700,0.00336006415396953,0.0118524458700882,0.0106495589414595,0.0495749799518845,0.950425020048115,16
Bolivar County,28011,Mississippi,34145,0.00123004832332699,0.00553521745497145,0.641968077317323,0.664782545028555,0.335217454971445,20
DeSoto County,28033,Mississippi,161252,0.00267903653908169,0.0126075955647062,0.218701163396423,0.277900429141964,0.722099570858036,18
Forrest County,28035,Mississippi,74934,0.00246883924520244,0.00664584834654496,0.361411375343636,0.403128086049057,0.596871913950944,19
Hancock County,28045,Mississippi,43929,0.0048487331830909,0.00953811832730087,0.0714334494297617,0.115800496255321,0.884199503744679,18
Harrison County,28047,Mississippi,187105,0.00461238342107373,0.0284439218620561,0.221228721840678,0.30324684000962,0.69675315999038,20
Hinds County,28049,Mississippi,245285,0.00152883380557311,0.00764009213771735,0.69050288439978,0.715559451250586,0.284440548749414,22
Jackson County,28059,Mississippi,139668,0.0040453074433657,0.0216441847810522,0.215038519918664,0.27875390211072,0.72124609788928,17
Buchanan County,29021,Missouri,89201,0.00443941211421397,0.00809407966278405,0.0522639880718826,0.109393392450757,0.890606607549243,17
Cass County,29037,Missouri,99478,0.00546854580912363,0.00644363577876515,0.0353545507549408,0.0826011781499427,0.917398821850057,15
Cedar County,29039,Missouri,13982,0.00593620369045916,0.00314690316120727,0.00100128736947504,0.0313259905592905,0.968674009440709,14
Clay County,29047,Missouri,221939,0.00529875326103119,0.0205056344310824,0.0518430739978102,0.12543536737572,0.87456463262428,15
Greene County,29077,Missouri,275174,0.0067448232754548,0.0164804814408338,0.0286800351777421,0.0883368341485751,0.911663165851425,17
Jackson County,29095,Missouri,674158,0.00497212819546753,0.015953233514992,0.239360802660504,0.330909074727289,0.669090925272711,18
Jefferson County,29099,Missouri,218733,0.00309509767616226,0.00647821773577832,0.00822006738809416,0.0353216021359374,0.964678397864063,18
St. Louis County,29189,Missouri,998954,0.00196405440090335,0.0346332263547671,0.233273003561726,0.29731699357528,0.70268300642472,21
St. Louis city,29510,Missouri,319294,0.00262454039224038,0.029098573728288,0.492210940387229,0.560696411457779,0.439303588542221,23
Fergus County,30027,Montana,11586,0.0123424823062317,0.00233039875712066,0.00215777662696358,0.0339202485758674,0.966079751424133,23
Flathead County,30029,Montana,90928,0.0113056484251276,0.00583978532465247,0.00221054020763681,0.0453765616751716,0.954623438324828,38
Gallatin County,30031,Montana,89513,0.00872498966630545,0.0114731938377666,0.0032285813233832,0.0494788466479729,0.950521153352027,40
Lewis and Clark County,30049,Montana,63395,0.0210584430948813,0.00558403659594605,0.00342298288508557,0.059783894628914,0.940216105371086,24
Lincoln County,30053,Montana,19687,0.0092446792299487,0.00304769644943364,0.00116828363894956,0.0409407223040585,0.959059277695942,45
Missoula County,30063,Montana,109299,0.026276544158684,0.0113084291713556,0.00407140047026963,0.0730015828141154,0.926998417185885,33
Powder River County,30075,Montana,1743,0.0154905335628227,0.00172117039586919,0.00057372346528973,0.0499139414802065,0.950086058519793,30
Ravalli County,30081,Montana,40212,0.00895255147717099,0.00517258529792102,0.00196458768526808,0.0414304187804635,0.958569581219536,36
Richland County,30083,Montana,9746,0.0165195977837061,0.00246254873794377,0.00133388056638621,0.0499692181407757,0.950030781859224,12
Silver Bow County,30093,Montana,34200,0.0191520467836257,0.00482456140350877,0.00324561403508772,0.0557894736842105,0.94421052631579,41
Yellowstone County,30111,Montana,147972,0.0397440056226854,0.00634579515043387,0.00631876300921796,0.092882437217852,0.907117562782148,27
Douglas County,31055,Nebraska,517110,0.00721509930188935,0.0265997563381099,0.116166773027016,0.236090967105645,0.763909032894355,18
Hall County,31079,Nebraska,58607,0.00902622553619875,0.0103571245755626,0.0174552527855034,0.173938266759943,0.826061733240057,19
Lancaster County,31109,Nebraska,285407,0.0074980641680127,0.0349010360642871,0.0347573815638719,0.128910643396973,0.871089356603027,17
Sarpy County,31153,Nebraska,158840,0.00461470662301687,0.0211092923696802,0.0397947620246789,0.125667338201964,0.874332661798036,17
Washington County,31177,Nebraska,20234,0.00217455767520016,0.00266877532865474,0.00602945537214589,0.027725610358802,0.972274389641198,16
Clark County,32003,Nevada,1951269,0.00739108754354218,0.0865236930428352,0.104741580991652,0.391108043022259,0.608891956977741,33
Douglas County,32005,Nevada,46997,0.0190650467051088,0.0154265165861651,0.00427686873630232,0.10355980168947,0.89644019831053,70
Washoe County,32031,Nevada,421407,0.0171069773401961,0.0517077314804927,0.0232886496902045,0.23098097563638,0.76901902436362,75
Carson City,32510,Nevada,55274,0.0236277454137569,0.0213662843289793,0.0190686398668452,0.189365705394942,0.810634294605059,61
Belknap County,33001,New Hampshire,60088,0.00209692451071761,0.0116329383570763,0.00464318998801757,0.0337671415257622,0.966232858474238,10
Cheshire County,33005,New Hampshire,77117,0.00250269071670319,0.0119428919693453,0.00505725067105826,0.0373199164905274,0.962680083509473,18
Grafton County,33009,New Hampshire,89118,0.00369173455418658,0.029545097511165,0.00929105231266411,0.0643192172176216,0.935680782782378,14
Hillsborough County,33011,New Hampshire,400721,0.00239817728544299,0.0323267310672513,0.0207076744168636,0.0962465156555309,0.903753484344469,9
Rockingham County,33015,New Hampshire,295223,0.00164621320154595,0.0167432754223079,0.00676099084420929,0.0449050378866145,0.955094962113385,13
Atlantic County,34001,New Jersey,274549,0.00382445392261491,0.0750139319392895,0.160765473558454,0.345960101839744,0.654039898160256,16
Camden County,34007,New Jersey,513657,0.00313049369520906,0.0511177692506867,0.195540993308764,0.347056498791995,0.652943501208005,19
Cumberland County,34011,New Jersey,156898,0.0111282489260539,0.0121543933001058,0.202303407309207,0.372649746969369,0.627350253030631,16
Essex County,34013,New Jersey,783969,0.00389811331825621,0.0456510397732563,0.408790398599945,0.57413111998051,0.425868880019491,21
Hunterdon County,34019,New Jersey,128349,0.00130113986084816,0.0325752440611146,0.0268876267053113,0.0863660799850408,0.913633920014959,18
Mercer County,34021,New Jersey,366513,0.00325772892093868,0.0893610867827335,0.202770433790889,0.386076346541596,0.613923653458404,16
Middlesex County,34023,New Jersey,809858,0.00342899619439457,0.213979487762052,0.0968836512079895,0.413984920813278,0.586015079186722,21
Ocean County,34029,New Jersey,576567,0.00167543407791289,0.0174845247820288,0.0315037107569459,0.0901716539448147,0.909828346055185,14
Union County,34039,New Jersey,536499,0.0038769876551494,0.0462983155607,0.220527904059467,0.386668008700855,0.613331991299145,20
Warren County,34041,New Jersey,108692,0.00142604791520995,0.0245924263055239,0.0351267802598167,0.0971092628712325,0.902890737128768,18
Bernalillo County,35001,New Mexico,662564,0.0479108433298519,0.0234316986736376,0.0296605309072029,0.306240604681208,0.693759395318792,25
Dona Ana County,35013,New Mexico,209233,0.0150406484636745,0.0106436365200518,0.0174733431150918,0.259251647684639,0.740748352315361,21
Lea County,35025,New Mexico,64727,0.0118961175398211,0.00503653807530088,0.0408021382112565,0.250096559395615,0.749903440604385,18
Santa Fe County,35049,New Mexico,144170,0.0311160435596865,0.011597419712839,0.00859402094749254,0.238399112159256,0.761600887840744,13
Taos County,35055,New Mexico,32937,0.061663175152564,0.00664905729119228,0.00434162188420318,0.312657497647023,0.687342502352977,16
Albany County,36001,New York,304204,0.00214987311146468,0.0479250765933387,0.12691812073477,0.218047757425938,0.781952242574062,23
Bronx County,36005,New York,1385108,0.0131830875281928,0.0358159796925583,0.364736901382419,0.720962553100553,0.279037446899448,20
Chautauqua County,36013,New York,134905,0.00510729772803084,0.00509988510433268,0.023698157963011,0.0743486156925244,0.925651384307476,12
Erie County,36029,New York,919040,0.00642844707520891,0.0258846187325905,0.134848319986072,0.199986942896936,0.800013057103064,19
Essex County,36031,New York,39370,0.0032004064008128,0.00668021336042672,0.027254254508509,0.0576581153162306,0.942341884683769,9
Monroe County,36055,New York,744344,0.002869640918715,0.0326206700127898,0.15204126049246,0.238880141439979,0.761119858560021,15
Onondaga County,36067,New York,467026,0.00817513371846535,0.0309490263925349,0.109672694882084,0.188728250675551,0.811271749324449,14
Queens County,36081,New York,2230722,0.00688745616889958,0.229426616135942,0.191275739424276,0.602795417806432,0.397204582193568,16
Steuben County,36101,New York,98990,0.00232346701687039,0.0117284574199414,0.0155571269825235,0.0472269926255177,0.952773007374482,12
Buncombe County,37021,North Carolina,238318,0.00397787829706527,0.0101419112278552,0.0638264839416242,0.126410929933954,0.873589070066046,12
Catawba County,37035,North Carolina,154358,0.00316796019642649,0.0346726441130359,0.0844854170175825,0.18273753223027,0.81726246776973,17
Cumberland County,37051,North Carolina,319431,0.0160911120085402,0.0221957167588619,0.366642561304319,0.486386731406783,0.513613268593217,17
Davidson County,37057,North Carolina,162878,0.00487481427817139,0.0122422917766672,0.0885386608381734,0.156675548570095,0.843324451429905,19
Durham County,37063,North Carolina,267587,0.00500398001397676,0.0458841423537018,0.379603642927347,0.535575345588538,0.464424654411462,18
Forsyth County,37067,North Carolina,350670,0.00415490347049933,0.0185216870562067,0.260150568910942,0.376858584994439,0.623141415005561,26
Guilford County,37081,North Carolina,488406,0.00531115506361511,0.039262416923625,0.32534203101518,0.42972649803647,0.57027350196353,15
Jackson County,37099,North Carolina,40271,0.0944600332745648,0.00864145414814631,0.0184996647711753,0.168409028829679,0.831590971170321,14
Johnston County,37101,North Carolina,168878,0.00556022690936653,0.00604578453084475,0.151268963393693,0.257754118357631,0.742245881642369,17
Mecklenburg County,37119,North Carolina,919628,0.00463339524242411,0.0460534042025689,0.307519997216266,0.446574049506975,0.553425950493026,18
Mitchell County,37121,North Carolina,15579,0.00417228320174594,0.00320944861672765,0.00372296039540407,0.0471788946658964,0.952821105334104,12
Montgomery County,37123,North Carolina,27798,0.00431685732786531,0.015864450679905,0.188179005683862,0.31066983236204,0.68933016763796,14
New Hanover County,37129,North Carolina,202667,0.00495887342290556,0.0118914278101516,0.14756719150133,0.209057221945359,0.790942778054641,13
Pitt County,37147,North Carolina,168148,0.00346123652972381,0.0155398815329353,0.34051549825154,0.410786925803459,0.589213074196541,13
Rowan County,37159,North Carolina,138428,0.00338081890946918,0.0100124252318895,0.161759181668449,0.234815210795504,0.765184789204496,18
Swain County,37173,North Carolina,13981,0.270009298333453,0.00479221801015664,0.00543594878764037,0.333738645304342,0.666261354695658,15
Wake County,37183,North Carolina,900993,0.00499781907295617,0.0538883209969445,0.2070049378852,0.336791739780442,0.663208260219558,20
Billings County,38007,North Dakota,783,0.00383141762452107,0.00510855683269476,0.00255427841634738,0.0140485312899106,0.985951468710089,12
Burke County,38013,North Dakota,1968,0.0076219512195122,0.00711382113821138,0.00203252032520325,0.0223577235772358,0.977642276422764,13
Burleigh County,38015,North Dakota,81308,0.0417302110493432,0.00482117380823535,0.00594037487086142,0.0697840310916515,0.930215968908349,15
Cass County,38017,North Dakota,149778,0.0121980531186156,0.0235815673863985,0.0228872063988036,0.0832565530318204,0.91674344696818,14
Dunn County,38025,North Dakota,3536,0.12697963800905,0.00282805429864253,0.00226244343891403,0.150735294117647,0.849264705882353,10
McKenzie County,38053,North Dakota,6360,0.222012578616352,0.0029874213836478,0.00125786163522013,0.246540880503145,0.753459119496855,12
Mercer County,38057,North Dakota,8424,0.0232668566001899,0.00320512820512821,0.00201804368471035,0.0441595441595442,0.955840455840456,11
Oliver County,38065,North Dakota,1846,0.0151679306608884,0.00216684723726977,0.00162513542795233,0.0270855904658722,0.972914409534128,13
Ward County,38101,North Dakota,61675,0.0264288609647345,0.00945277665180381,0.0250020267531415,0.0965869477097689,0.903413052290231,12
Allen County,39003,Ohio,106331,0.00194675118262783,0.00695940036301737,0.11886467728132,0.162154028458305,0.837845971541695,13
Cuyahoga County,39035,Ohio,1280122,0.00201387055296292,0.025687395420124,0.297001379556011,0.364042645935309,0.635957354064691,22
Franklin County,39049,Ohio,1163414,0.00245140594835544,0.0386758282090468,0.212499591718855,0.307540565955026,0.692459434044975,18
Hamilton County,39061,Ohio,802374,0.00201526968720322,0.0201676524912323,0.256678307123611,0.311630237270899,0.688369762729101,25
Lake County,39085,Ohio,230041,0.00118674497154855,0.0113501506253233,0.0317595559052517,0.0753257028094992,0.924674297190501,16
Lorain County,39093,Ohio,301356,0.00293008932956371,0.00932783817146498,0.0856097107739683,0.15246419517116,0.84753580482884,15
Medina County,39103,Ohio,172332,0.00143327994800733,0.00963256969106144,0.0117621799781816,0.0388204164055428,0.961179583594457,16
Montgomery County,39113,Ohio,535153,0.00232083161264162,0.0173277548663653,0.20904302134156,0.261385061842127,0.738614938157873,20
Preble County,39135,Ohio,42270,0.00217648450437663,0.00402176484504377,0.0042583392476934,0.0243198485923823,0.975680151407618,16
Stark County,39151,Ohio,375586,0.00255866832097043,0.00735916674210434,0.0759799353543529,0.112876944295048,0.887123055704952,20
Summit County,39153,Ohio,541781,0.00187345071163441,0.0219369080864777,0.144191103047172,0.194347900720033,0.805652099279967,19
Trumbull County,39155,Ohio,210312,0.00171174255391989,0.00467876298071437,0.0828150557267298,0.110307543078854,0.889692456921146,18
Cleveland County,40027,Oklahoma,255755,0.0468338839905378,0.0379191022658404,0.0424155930480343,0.207010615628238,0.792989384371762,25
Comanche County,40031,Oklahoma,124098,0.0585505004109655,0.022377475865848,0.174612000193396,0.355380425147867,0.644619574852133,19
Dewey County,40043,Oklahoma,4810,0.0575883575883576,0.00686070686070686,0.00332640332640333,0.109147609147609,0.890852390852391,17
Kay County,40071,Oklahoma,46562,0.0963446587345904,0.00504703406211073,0.0206606245436193,0.198230316567158,0.801769683432842,21
Oklahoma County,40109,Oklahoma,718633,0.0349538637941759,0.0298539031744994,0.154306857603255,0.353791156264742,0.646208843735258,22
Pittsburg County,40121,Oklahoma,45837,0.13766171433558,0.00412330649911643,0.0332700656674739,0.263804350197439,0.736195649802561,22
Sequoyah County,40135,Oklahoma,42391,0.207968672595598,0.00485952206836357,0.0173385860206176,0.334670095067349,0.665329904932651,20
Tulsa County,40143,Oklahoma,603403,0.0603112679254164,0.0233111204286356,0.107356111918569,0.308235126441201,0.691764873558799,20
Crook County,41013,Oregon,20978,0.0143960339403184,0.00462389169606254,0.0016684145295071,0.0732672323386405,0.92673276766136,132
Harney County,41025,Oregon,7422,0.0312584209108057,0.00471571005119914,0.00255995688493667,0.0812449474535166,0.918755052546483,61
Jackson County,41029,Oregon,203206,0.0117417792781709,0.0116335147584225,0.00675176914067498,0.113352952176609,0.886647047823391,63
Josephine County,41033,Oregon,82713,0.0136979676713455,0.00823328860034094,0.00419522928681102,0.075731747125603,0.924268252874397,29
Klamath County,41035,Oregon,66380,0.0411871045495631,0.00935522747815607,0.00650798433263031,0.141021391985538,0.858978608014462,88
Lake County,41037,Oregon,7895,0.0208993033565548,0.00671310956301457,0.00493983533882204,0.0968967701076631,0.903103229892337,36
Lane County,41039,Oregon,351715,0.0115718692691526,0.023661202962626,0.0095787782721806,0.116656952361998,0.883343047638002,240
Multnomah County,41051,Oregon,735334,0.0106414228092268,0.0652084630929618,0.0563023061629137,0.23514892552228,0.76485107447772,31
Washington County,41067,Oregon,529710,0.00743236865454683,0.0863774518132563,0.0181533291801174,0.234218723452455,0.765781276547545,30
Allegheny County,42003,Pennsylvania,1223348,0.00139126397394691,0.0278661509235312,0.132309857865464,0.184782253291786,0.815217746708214,27
Armstrong County,42005,Pennsylvania,68941,0.000652732046242439,0.0021757734874748,0.00802135159049042,0.0199590954584355,0.980040904541564,16
Beaver County,42007,Pennsylvania,170539,0.00106134080767449,0.00424536323069796,0.0626015163686899,0.0878274177754062,0.912172582224594,24
Berks County,42011,Pennsylvania,411442,0.00312316195235294,0.0130881144851522,0.0489570826507746,0.168417419709218,0.831582580290782,19
Blair County,42013,Pennsylvania,127089,0.00112519572897733,0.00555516213047549,0.0167520399090401,0.0381701012676156,0.961829898732385,19
Bradford County,42015,Pennsylvania,62622,0.00245919964229823,0.00541343297882533,0.00496630577113475,0.0253425313787487,0.974657468621251,16
Cambria County,42021,Pennsylvania,143679,0.00102311402501409,0.00507381036894745,0.0363449077457388,0.0589717356050641,0.941028264394936,21
Centre County,42027,Pennsylvania,153990,0.00124034028183648,0.0518605104227547,0.0301188388856419,0.106273134619131,0.893726865380869,19
Chester County,42029,Pennsylvania,498886,0.00172784964901801,0.0386781749738417,0.0613827607910424,0.144680347814932,0.855319652185068,20
Cumberland County,42041,Pennsylvania,235406,0.00154201677102538,0.0300417151644393,0.0319745461033279,0.0912126283951981,0.908787371604802,21
Dauphin County,42043,Pennsylvania,268100,0.00215591197314435,0.0320029839612085,0.180477433793361,0.272995151063036,0.727004848936964,29
Delaware County,42045,Pennsylvania,558979,0.00156356499975849,0.0470089216231737,0.197252490701797,0.275047899831657,0.724952100168343,23
Erie County,42049,Pennsylvania,280566,0.00201735064120385,0.0109671164717036,0.0718369296350948,0.117608691003186,0.882391308996814,16
Fayette County,42051,Pennsylvania,136606,0.00134693937308757,0.00296473068532861,0.0463010409498851,0.0672591247822204,0.93274087521778,17
Greene County,42059,Pennsylvania,38686,0.00173189267435248,0.00292095331644523,0.033138603112237,0.0543349015147599,0.94566509848524,14
Lackawanna County,42069,Pennsylvania,214437,0.0015389135270499,0.0169933360380904,0.0252894789611867,0.0799348992944315,0.920065100705569,19
Lancaster County,42071,Pennsylvania,519445,0.00230053229889594,0.0189817978804301,0.0366448805937106,0.1141102522885,0.8858897477115,28
Lycoming County,42081,Pennsylvania,116111,0.00186890130995341,0.00577895289851952,0.0448105691967169,0.0735330847206552,0.926466915279345,19
Mercer County,42085,Pennsylvania,116638,0.00133747149299542,0.00624153363397863,0.0576655978326103,0.0835748212417908,0.916425178758209,18
Montgomery County,42091,Pennsylvania,799874,0.00146773116765891,0.0644664034585447,0.0867024056288866,0.188595953862733,0.811404046137267,21
Philadelphia County,42101,Pennsylvania,1526006,0.00458451670570103,0.0631747188412103,0.433706682673594,0.589633985711721,0.410366014288279,25
Susquehanna County,42115,Pennsylvania,43356,0.00131469692776086,0.00283697758095765,0.00359811790755605,0.019512870190977,0.980487129809023,14
Tioga County,42117,Pennsylvania,41981,0.00216764726900264,0.00435911483766466,0.00793215978657012,0.0268931183154284,0.973106881684572,14
Washington County,42125,Pennsylvania,207820,0.00120777595996535,0.00638533346164951,0.0325137137907805,0.0585266095659706,0.94147339043403,17
Westmoreland County,42129,Pennsylvania,365169,0.000961198787410761,0.00740479065857178,0.0234466781134215,0.0465181874693635,0.953481812530636,16
Wyoming County,42131,Pennsylvania,28276,0.00190974678172302,0.00335973970858679,0.00735606167774791,0.0258523129155468,0.974147687084453,17
York County,42133,Pennsylvania,434972,0.00216565663996763,0.0124306851935297,0.0559668208528365,0.11457519104678,0.88542480895322,26
Kent County,44003,Rhode Island,166158,0.00263002684192154,0.0203300473043729,0.0144741751826575,0.0658349282008691,0.934165071799131,10
Providence County,44007,Rhode Island,626667,0.0065792518195469,0.0367116826001688,0.0846382528519932,0.265905177710012,0.734094822289988,20
Washington County,44009,Rhode Island,126979,0.00868647571645705,0.0162940328715772,0.011671221225557,0.0617661188070468,0.938233881192953,11
Charleston County,45019,South Carolina,350209,0.00304960752008087,0.0134748107558629,0.297647975922949,0.357783494998701,0.642216505001299,16
Chesterfield County,45025,South Carolina,46734,0.00507125433303377,0.00368040398853083,0.326379081610819,0.371934779817692,0.628065220182308,14
Edgefield County,45037,South Carolina,26985,0.0024828608486196,0.00352047433759496,0.371687974800815,0.413563090605892,0.586436909394108,17
Florence County,45041,South Carolina,136885,0.00338970668809585,0.0122073273185521,0.4127990649085,0.451247397450415,0.548752602549586,15
Greenville County,45045,South Carolina,451225,0.0031048811568508,0.0196110587844202,0.180612776331099,0.261822815668458,0.738177184331542,20
Lexington County,45063,South Carolina,262391,0.00432179457374681,0.0142116154898606,0.14300033156625,0.207202228734979,0.792797771265021,17
Richland County,45079,South Carolina,384504,0.00319892640908807,0.022231238166573,0.459131764559016,0.526730541164721,0.473269458835279,16
Spartanburg County,45083,South Carolina,284307,0.00268723598082355,0.0202105470494923,0.205992114158287,0.27655667992698,0.72344332007302,17
York County,45091,South Carolina,226073,0.00855475886107585,0.0150968934813091,0.190217319184511,0.251754964104515,0.748245035895485,15
Brookings County,46011,South Dakota,31965,0.00882214922571563,0.0271859846707336,0.00794619114656656,0.0676677616142656,0.932332238385735,16
Brown County,46013,South Dakota,36531,0.0302482822808026,0.00971777394541622,0.00531055815608661,0.0677233034956612,0.932276696504339,15
Codington County,46029,South Dakota,27227,0.0198699820031586,0.0044808462188269,0.00341572703566313,0.0468652440592059,0.953134755940794,16
Custer County,46033,South Dakota,8216,0.0292112950340798,0.00352969814995131,0.00182570593962999,0.058300876338851,0.941699123661149,16
Hughes County,46065,South Dakota,17022,0.104511808248149,0.00534602279403125,0.00493479027141347,0.142697685348373,0.857302314651627,13
Jackson County,46071,South Dakota,3031,0.519630484988453,0.000329924117452986,0.00197954470471792,0.572748267898383,0.427251732101617,17
Minnehaha County,46099,South Dakota,169468,0.0247657374843628,0.0148051549555078,0.0378065475487998,0.119479783793991,0.88052021620601,16
Pennington County,46103,South Dakota,100948,0.0965645678963427,0.0104212069580378,0.0104013947775092,0.16442128620676,0.83557871379324,23
Union County,46127,South Dakota,14399,0.00555594138481839,0.00895895548301965,0.00659768039447184,0.0445169803458574,0.955483019654143,17
Blount County,47009,Tennessee,123010,0.00348752133972848,0.00711324282578652,0.0274774408584668,0.0651735631249492,0.934826436875051,15
Davidson County,47037,Tennessee,626681,0.00333662581121815,0.0303615396030835,0.277222382679545,0.385590116821796,0.614409883178204,20
Dyer County,47045,Tennessee,38335,0.00213903743315508,0.00493022042519891,0.142872049041346,0.18007043172036,0.81992956827964,15
Hamilton County,47065,Tennessee,336463,0.00346249067505194,0.0175710256402636,0.201805250503027,0.260792419968912,0.739207580031088,20
Knox County,47093,Tennessee,432226,0.00289431917561646,0.0187286280788291,0.0880210815638115,0.144442953454906,0.855557046545095,20
Lawrence County,47099,Tennessee,41869,0.00363037091881822,0.00288996632353292,0.0153335403281664,0.0434450309298049,0.956554969070195,14
Loudon County,47105,Tennessee,48556,0.00280088969437351,0.00591070104621468,0.0109770162286844,0.0662533981382321,0.933746601861768,14
McMinn County,47107,Tennessee,52266,0.00340565568438373,0.0074235640760724,0.0395285654153752,0.0825010523093407,0.917498947690659,16
Madison County,47113,Tennessee,98294,0.00187193521476387,0.00933932895191975,0.362545018007203,0.407634240136733,0.592365759863267,16
Maury County,47119,Tennessee,80956,0.00327338307228618,0.0060403181975394,0.125426157418845,0.176379761845941,0.823620238154059,14
Montgomery County,47125,Tennessee,172331,0.00573315306009946,0.0207159477981327,0.191387504279555,0.290110310971328,0.709889689028672,15
Putnam County,47141,Tennessee,72321,0.00438323585127418,0.0116978470983532,0.0201186377400755,0.0799905974751455,0.920009402524854,14
Roane County,47145,Tennessee,54181,0.00332219781842343,0.00513094996400952,0.0265775825473875,0.0558129233495137,0.944187076650486,15
Shelby County,47157,Tennessee,927644,0.00245676143003135,0.0230594926501977,0.521084597108374,0.5943810341036,0.4056189658964,20
Sullivan County,47163,Tennessee,156823,0.00265267212079861,0.00563692825669704,0.0212277535820639,0.0485579283650995,0.9514420716349,13
Sumner County,47165,Tennessee,160645,0.00287590650191416,0.0101963957795138,0.0641850042018115,0.110809549005571,0.889190450994429,15
Bell County,48027,Texas,310235,0.00804551388463584,0.02819797895144,0.214998307734459,0.385778522732767,0.614221477267233,21
Bexar County,48029,Texas,1714773,0.00844135054610727,0.0243408311187545,0.0751656341684876,0.270893581832697,0.729106418167303,23
Bowie County,48037,Texas,92565,0.00749743423540215,0.00792956300977691,0.241851671798196,0.312472316750392,0.687527683249608,21
Brazos County,48041,Texas,194851,0.00443928950839359,0.0517472325007313,0.109899358997388,0.26706047184772,0.732939528152281,21
Cameron County,48061,Texas,406220,0.00415538378218699,0.00661956575254788,0.00530500713898873,0.129971444045099,0.870028555954901,36
Dallas County,48113,Texas,2368139,0.00723479491702134,0.0503559968397125,0.223044339880387,0.464617152962727,0.535382847037273,21
Denton County,48121,Texas,662614,0.00686825210454352,0.0656158789280033,0.0838104839318215,0.249548002306018,0.750451997693982,20
Ector County,48135,Texas,137130,0.00985196528841246,0.00787573835047036,0.0447823233428134,0.236833661489098,0.763166338510902,20
Ellis County,48139,Texas,149610,0.00596885234944188,0.00568812245170777,0.0901142971726489,0.213541875543079,0.786458124456921,19
El Paso County,48141,Texas,800647,0.00750268220576609,0.0103466321612396,0.031054884362272,0.179422392140357,0.820577607859643,24
Galveston County,48167,Texas,291309,0.00600050118602584,0.0298308668801856,0.137695711426698,0.2753811245104,0.7246188754896,28
Harris County,48201,Texas,4092459,0.00678394090203469,0.0618288417794778,0.189492918560699,0.433529816670124,0.566470183329876,34
Harrison County,48203,Texas,65631,0.00681080586917768,0.00516524203501394,0.219378037817495,0.314043668388414,0.685956331611586,23
Hidalgo County,48215,Texas,774769,0.00334164118595349,0.00965190914969494,0.00589724162944052,0.120190663281572,0.879809336718428,33
Jefferson County,48245,Texas,252273,0.00547422831614957,0.0342089720263366,0.338090084947656,0.478445969247601,0.521554030752399,24
Kleberg County,48273,Texas,32061,0.0061133464333614,0.0234240978135429,0.0374598421758523,0.200960668725243,0.799039331274758,33
Lubbock County,48303,Texas,278831,0.00731625966983585,0.0206325695492969,0.0751422904913729,0.227062270694435,0.772937729305565,15
Maverick County,48323,Texas,54258,0.0118323565188544,0.00326219175052527,0.00248811235209554,0.0855357735264846,0.914464226473515,24
Nueces County,48355,Texas,340223,0.00625472116817499,0.0168448341235014,0.0400825341026327,0.184646540651279,0.815353459348721,27
Orange County,48361,Texas,81837,0.00520546940870267,0.00982440705304447,0.0852792746557181,0.138800298153647,0.861199701846353,22
Potter County,48375,Texas,121073,0.00829251773723291,0.0398272116822083,0.102128467949089,0.301883987346477,0.698116012653523,15
Tarrant County,48439,Texas,1809034,0.00653774334810733,0.0467437317374908,0.148688747696284,0.33360567020852,0.66639432979148,23
Travis County,48453,Texas,1024266,0.00835232254121488,0.0579273352820459,0.0852395764381518,0.307002282610181,0.692997717389819,23
Webb County,48479,Texas,250304,0.0040191127588852,0.00584888775249297,0.00452250063922271,0.120265756839683,0.879734243160317,28
Cache County,49005,Utah,112656,0.00612484022155944,0.0188361028263031,0.00618697628177816,0.108817994603039,0.891182005396961,29
Davis County,49011,Utah,306479,0.00464632160767948,0.0176716838674102,0.0120791310334476,0.0995924679994388,0.900407532000561,27
Duchesne County,49013,Utah,18607,0.0452517869618961,0.00279464717579406,0.00236470145644112,0.108453807706777,0.891546192293223,23
Iron County,49021,Utah,46163,0.0220739553321925,0.00756016723349869,0.00491735805731863,0.0934731278296471,0.906526872170353,17
Salt Lake County,49035,Utah,1029655,0.00889327007589921,0.0330081435043777,0.0159315498880693,0.188005691226673,0.811994308773327,33
Tooele County,49045,Utah,58218,0.00967054862757223,0.00642412999415988,0.00697378817547838,0.0929952935518225,0.907004706448178,26
Uintah County,49047,Utah,32588,0.0769915306247699,0.00509389959494292,0.00371302319872346,0.133668835154044,0.866331164845956,22
Utah County,49049,Utah,516564,0.00595085991280848,0.0136130276209724,0.00541849606244338,0.10606430180965,0.89393569819035,26
Washington County,49053,Utah,138115,0.0135322014263476,0.0071100170148065,0.00571987112189118,0.102820113673388,0.897179886326612,17
Weber County,49057,Utah,231236,0.0082253628327769,0.0125888702451175,0.0135619021259665,0.147619747790136,0.852380252209863,23
Bennington County,50003,Vermont,37125,0.00253198653198653,0.00724579124579125,0.0082962962962963,0.0341279461279461,0.965872053872054,18
Chittenden County,50007,Vermont,156545,0.00264460698201795,0.0281005461688332,0.0212015714331342,0.075332971350091,0.924667028649909,18
Rutland County,50021,Vermont,61642,0.00243340579475033,0.00600240096038415,0.00541838356964407,0.0294117647058824,0.970588235294118,22
Albemarle County,51003,Virginia,98970,0.00254622612913004,0.046731332727089,0.0969990906335253,0.194321511569162,0.805678488430838,12
Arlington County,51013,Virginia,207627,0.00467665573359919,0.0959942589354949,0.0849215179143368,0.282511426741223,0.717488573258777,18
Charles City County,51036,Virginia,7256,0.0705622932745314,0.00344542447629548,0.484151047409041,0.590683572216097,0.409316427783903,12
Chesterfield County,51041,Virginia,316236,0.00382625634020162,0.0325516386496161,0.219494301724029,0.317111271329007,0.682888728670993,11
Fairfax County,51059,Virginia,1081726,0.00359055805259373,0.175331830796338,0.0917219332807014,0.3732331477657,0.6267668522343,16
Frederick County,51069,Virginia,78305,0.00298831492241875,0.0123746887171956,0.0405465806781176,0.106902496647724,0.893097503352276,16
Henrico County,51087,Virginia,306935,0.00329711502435369,0.0653297929529053,0.295401306465538,0.407956081906593,0.592043918093407,15
Roanoke County,51161,Virginia,92376,0.00148306919546203,0.0266952455183164,0.0502619728067896,0.0999826794838486,0.900017320516151,15
Rockingham County,51165,Virginia,76314,0.00273868490709437,0.00602772754671489,0.0166810807977566,0.06724847341248,0.93275152658752,14
Bristol City,51520,Virginia,17835,0.00291561536305018,0.00684048219792543,0.056574151948416,0.0908887019904682,0.909111298009532,14
Hampton City,51650,Virginia,137436,0.00432201169999127,0.0217701330073634,0.495532466020548,0.573314124392445,0.426685875607556,13
Lynchburg City,51680,Virginia,75568,0.00313624814736396,0.0247194579716282,0.292981156044887,0.355891382595808,0.644108617404192,12
Salem City,51775,Virginia,24802,0.00249979840335457,0.0162083702927183,0.0710829771792597,0.118135634223047,0.881864365776954,14
Clark County,53011,Washington,425363,0.0085197819274361,0.0411507347841726,0.0198089631679295,0.145677926853064,0.854322073146936,147
King County,53033,Washington,1931249,0.00836091047814135,0.146058328056092,0.0620329123795016,0.313477961671437,0.686522038328564,61
Kitsap County,53035,Washington,251133,0.0160870932931952,0.0493602991243684,0.026479992673205,0.174266225466187,0.825733774533813,41
Kittitas County,53037,Washington,40915,0.00962972015153367,0.0197971404130514,0.00889649272882806,0.106831235488207,0.893168764511793,50
Okanogan County,53047,Washington,41120,0.113691634241245,0.0057636186770428,0.00386673151750973,0.260724708171206,0.739275291828794,83
Pierce County,53053,Washington,795225,0.0136804049168474,0.0597327800308089,0.0679027948065013,0.258021314722248,0.741978685277752,41
Snohomish County,53061,Washington,713335,0.0137284725970266,0.0888572690250724,0.0254690993712632,0.216341550603854,0.783658449396146,51
Spokane County,53063,Washington,471221,0.0154810587813361,0.0211302127876304,0.0170960122744954,0.108114876034812,0.891885123965188,31
Stevens County,53065,Washington,43531,0.0554317612735752,0.00544439594771542,0.00333095954607062,0.105855597160644,0.894144402839356,66
Whatcom County,53073,Washington,201140,0.0282539524709158,0.0352490802426171,0.00959033508998707,0.145789002684697,0.854210997315303,42
Yakima County,53077,Washington,243231,0.0434484091254815,0.0105249742014793,0.00953825787009057,0.362515468834154,0.637484531165847,105
Berkeley County,54003,West Virginia,104169,0.0027455384999376,0.00842861119910914,0.0713456018585184,0.121619675719264,0.878380324280736,23
Brooke County,54009,West Virginia,24069,0.000872491586688271,0.00394698574930408,0.0116747683742573,0.02954007229216,0.97045992770784,18
Cabell County,54011,West Virginia,96319,0.00228407686956883,0.00975923753361227,0.0496682897455331,0.0843551116602124,0.915644888339788,14
Hancock County,54029,West Virginia,30676,0.00127135219715739,0.00283609336288956,0.0232103272916938,0.0427369930890599,0.95726300691094,17
Harrison County,54033,West Virginia,69099,0.00196819056715727,0.00473234055485608,0.0162231001895831,0.0404202665740459,0.959579733425954,13
Kanawha County,54039,West Virginia,193063,0.00212365911645421,0.0103593127631913,0.0731108498262225,0.108912634735812,0.891087365264188,14
Marshall County,54051,West Virginia,33107,0.00141963935119461,0.00359440601685444,0.00534630138641375,0.0204790527682967,0.979520947231703,16
Monongalia County,54061,West Virginia,96189,0.00150744887669068,0.0305752216989469,0.0363451122269698,0.0904573288005905,0.909542671199409,16
Ohio County,54069,West Virginia,44443,0.00139504533897352,0.00832527057129357,0.0368111963638818,0.0681097135656909,0.931890286434309,15
Wood County,54107,West Virginia,86956,0.00215051290307742,0.005416532499195,0.0110170661023966,0.0357652145912876,0.964234785408712,15
Ashland County,55003,Wisconsin,16157,0.110849786470261,0.00365166800767469,0.0029708485486167,0.154422231849972,0.845577768150028,13
Brown County,55009,Wisconsin,248007,0.0270758486655619,0.0271121379638478,0.0221405040986746,0.135447789780127,0.864552210219873,18
Dane County,55025,Wisconsin,488073,0.00354455173713768,0.0471958088236801,0.0519328051336583,0.152522266136418,0.847477733863582,18
Dodge County,55027,Wisconsin,88759,0.0043375883009047,0.00531777059227797,0.0268254486868937,0.0615712209466082,0.938428779053392,18
Eau Claire County,55035,Wisconsin,98736,0.00477029654837141,0.0333920758385999,0.00885188786258305,0.0687692432344839,0.931230756765516,17
Forest County,55041,Wisconsin,9304,0.134995700773861,0.00139724849527085,0.00816852966466036,0.17347377472055,0.82652622527945,14
Grant County,55043,Wisconsin,51208,0.00201140446805187,0.00609279800031245,0.0114825808467427,0.0303272926105296,0.96967270738947,20
Kenosha County,55059,Wisconsin,166426,0.0048910626945309,0.0143787629336762,0.0664078929974884,0.162294353045798,0.837705646954202,18
La Crosse County,55063,Wisconsin,114638,0.00430049372808318,0.0413649924108934,0.0140442087266003,0.0793628639718069,0.920637136028193,18
Milwaukee County,55079,Wisconsin,947735,0.00718344262900494,0.0342099848586367,0.267758392377616,0.393653289157834,0.606346710842166,21
Outagamie County,55087,Wisconsin,176695,0.0168765386683268,0.0295933671015026,0.00982483941254704,0.0874784232717394,0.91252157672826,19
Ozaukee County,55089,Wisconsin,86395,0.00240754673302853,0.0174662885583656,0.013623473580647,0.0507552520400486,0.949244747959951,17
Sauk County,55111,Wisconsin,61976,0.0124080289144185,0.00543758874402995,0.00576029430747386,0.054666322447399,0.945333677552601,17
Taylor County,55119,Wisconsin,20689,0.0020783991493064,0.00270675238049205,0.00280342210836677,0.0213156749963749,0.978684325003625,15
Vilas County,55125,Wisconsin,21430,0.110592627158189,0.0028464769015399,0.00163322445170322,0.129351376574895,0.870648623425105,13
Waukesha County,55133,Wisconsin,389891,0.00273409747852605,0.0274974287685533,0.0126035225229615,0.0665006373576205,0.93349936264238,19
Albany County,56001,Wyoming,36299,0.00713518278740461,0.0281274966252514,0.01162566461886,0.0985977575139811,0.901402242486019,38
Fremont County,56013,Wyoming,40123,0.211798718939262,0.0039129676245545,0.00251725942726117,0.256959848465967,0.743040151534033,37
Laramie County,56021,Wyoming,91738,0.00957073404695982,0.010638993655846,0.0245045673548584,0.114816106738756,0.885183893261244,31
Natrona County,56025,Wyoming,75450,0.0103512259774685,0.00675944333996024,0.00881378396288933,0.0720344599072233,0.927965540092777,35
Park County,56029,Wyoming,28205,0.00595639071086687,0.00588548129764226,0.00198546357028896,0.0444602020918277,0.955539797908172,35
Sheridan County,56033,Wyoming,29116,0.0123299903832944,0.00659431240555021,0.00367495535100975,0.0458167330677291,0.954183266932271,34
Sublette County,56035,Wyoming,10247,0.00849028984092905,0.00497706645847565,0.00312286522884747,0.0678247291890309,0.932175270810969,18
Sweetwater County,56037,Wyoming,43806,0.00965621147787974,0.00767018216682646,0.00999863032461307,0.115463635118477,0.884536364881523,16
Teton County,56039,Wyoming,21294,0.00521273598196675,0.0110359725744341,0.00230111768573307,0.116136000751385,0.883863999248615,49
